{"products":[{"id":"0.09429382665254615","qty":1}],"totalPrice":79.15999999999997}